,Sat_mean,Sat_SD,Field_mean,Field_SD,Sat_SD/mean (%),Field_SD/mean (%),Sat/Field
Band1,0.050246428571428574,0.0017965208723802683,0.024514114138095757,0.004296764315591129,3.5754200317469267,17.527716038956566,2.049693833045508
Band2,0.04465535714285714,0.0020512121540738806,0.028303720686821025,0.005280590782452575,4.593429064987296,18.65687851036263,1.5777203865515066
Band3,0.07748035714285714,0.0024914439045645473,0.06999179522280052,0.005933006715121223,3.2155813375651583,8.476717444144777,1.1069919966507324
Band4,0.0532125,0.004894131416444451,0.03940662346104927,0.011265035474520221,9.197334115939773,28.58665494559546,1.3503440621497778
Band5,0.453975,0.025004658494540002,0.49131901740359685,0.08644027369622687,5.5079373301481365,17.593512694262355,0.9239923225424015
Band6,0.21317321428571426,0.009641956141768946,0.2106032455269135,0.018209378441693055,4.5230617618055495,8.646295262988259,1.0122028924690638
Band7,0.10780714285714287,0.008705885881378864,0.09902052811358719,0.016728362673804308,8.075425849022997,16.893833018760592,1.0887352846015574
