,Sat_mean,Sat_SD,Field_mean,Field_SD,Sat_SD/mean (%),Field_SD/mean (%),Sat/Field
Band1,0.7964638888888889,0.0039745826320213085,0.06120033318091113,0.005381585787563176,0.49902860474516564,8.793392956954905,13.0140449813321
Band2,0.7649638888888889,0.004008335258334796,0.04901376676322471,0.007008090821957051,0.5239901277113759,14.298209023215204,15.607123047372994
Band3,0.7671833333333333,0.0039391552958019365,0.06269626070198087,0.010385075156105029,0.5134568394084773,16.56410612025051,12.236508601047948
Band4,0.7802555555555556,0.004220745355742833,0.059959844220712356,0.013087029894436745,0.5409439671003161,21.826324041575813,13.012968357346505
Band5,0.819375,0.004247769022282953,0.49583566767167897,0.020702507404796868,0.5184157464265999,4.175275954231105,1.6525132285210165
Band6,0.26825,0.002838084252135976,0.6514472631734607,0.01709550341243294,1.0579997212063286,2.624234435977809,0.4117754654356006
Band7,0.28911666666666663,0.0033360405672993045,0.6294281371043408,0.016565785551651297,1.1538734884300357,2.631878776163636,0.45933228850673313
