,Sat_mean,Sat_SD,Field_mean,Field_SD,Sat_SD/mean (%),Field_SD/mean (%),Sat/Field
Band1,0.03183333333333333,0.0018144481867009106,0.04533912601866534,0.007309630046492995,5.6998372357096665,16.122123843948263,0.7021161660731637
Band2,0.033016666666666666,0.0017285993045108967,0.0569952636773355,0.009247355194764158,5.2355355007901965,16.22477833792604,0.5792879010716102
Band3,0.06366666666666666,0.0009927515074556951,0.09244355643446395,0.01183874206150307,1.5592955614487358,12.806454574144293,0.6887085387265678
Band4,0.0702,0.0033739195801520423,0.10620619879911335,0.019620077311516475,4.806153248079832,18.47357078340353,0.660978368435742
Band5,0.2796666666666667,0.022573484937470824,0.33351245265775303,0.05584249515500035,8.071567915662987,16.74375115831292,0.8385493987945861
Band6,0.28365,0.015650851946992107,0.38372998376824274,0.044268553037561637,5.517663298780929,11.536381025752222,0.7391916503749497
Band7,0.16116666666666668,0.010943592747458314,0.18594164108576955,0.033883767759962255,6.790233348991715,18.222796981948033,0.8667594075515613
